{"mse": 3.202222097971092, "rmse": 1.7894753694787453, "mae": 1.6735037864128703, "r2": 0.10400930741293268, "mape": 0.6990747492748357, "volatility": 1.7882204734629892, "relative_volatility": 0.007456096484209822, "risk_level": "Low Risk", "direction_accuracy": 50.0, "prediction_bias": -0.06700474803247403, "max_drawdown": 14.045241674426723, "risk_adjusted_return": 0.7811489131369144, "confidence_interval": [-1.7036946906760178, 2.2461205757526983]}