Feature,Correlation,Rank
Dist_to_Low_50d,0.998737724536305,1
Dist_to_High_50d,0.9857606642276172,2
Low,0.9722209751066221,3
High,0.9710978452112552,4
Open,0.9253326569602865,5
MACD,0.9232686404756365,6
Trend_20d,0.9116124586923057,7
MA5,0.886534433012458,8
OBV,0.8294675653207291,9
Close_MA20_Ratio,0.7814025497168259,10
RSI14,0.776523197339113,11
MACD_Signal,0.7633451167479698,12
ATR_Ratio,0.7486940122736453,13
VWAP_Ratio,0.7407135258185282,14
Month,0.7365354493386098,15
SlowD,0.7268152584901421,16
MA10,0.7264818961010141,17
Quarter,0.7217186781291086,18
BB_Position,0.7174634397875449,19
SlowK,0.6876784446720252,20
ATR14,0.6599789600224314,21
Volatility_20d,0.6479297161985549,22
MFI,0.6351927583705305,23
Momentum_10d,0.6343395685872695,24
MA50,0.5676491197978522,25
MACD_Histogram,0.5392395893908879,26
BB_Width,0.4869515933364088,27
BB_Lower,0.4663330585067509,28
Momentum_5d,0.4536524555973538,29
High_200d,0.4519666714438129,30
High_50d,0.4519666714438129,31
VWAP,0.3665670023066121,32
Close_MA5_Ratio,0.3633074183578056,33
Daily_Range,0.31747615455359335,34
BB_Middle,0.2939887057475679,35
MA20,0.2939887057475679,36
Volume_MA5,0.291646453389148,37
Volume,0.2333905104858069,38
OBV_MA10,0.1943332232334071,39
Returns,0.18829170866523776,40
Price_Change_1d,0.18814581002865358,41
Price_Change,0.18489652835223344,42
Daily_Return,0.15681491353109114,43
Low_200d,0.1321846659009268,44
Volume_Ratio,0.06899479908962182,45
Low_50d,0.039408657110812186,46
Day_of_Week,0.0348737778479371,47
Volume_Change,0.031293085209353366,48
BB_Upper,0.027449493027594793,49
