Feature,Correlation,Rank
Low,0.969689179860964,1
High,0.9530687399527212,2
Open,0.9042271165362752,3
MA5,0.881134046368484,4
Dist_to_High_50d,0.8506099285443337,5
MACD_Histogram,0.8479470935675366,6
Close_MA20_Ratio,0.8214401718508265,7
OBV,0.8166274229941437,8
RSI14,0.8145222591018776,9
VWAP_Ratio,0.8049185188840102,10
BB_Position,0.800803024734432,11
Momentum_10d,0.7721484402378266,12
MFI,0.7697882403203006,13
SlowD,0.7603117749949155,14
SlowK,0.7465783344470382,15
Trend_20d,0.701714217058156,16
Momentum_5d,0.6739534578040143,17
MA10,0.6673074096752222,18
MACD,0.6066074396457083,19
Dist_to_Low_50d,0.5645410456757289,20
Close_MA5_Ratio,0.563510225797845,21
Volatility_20d,0.5550029791171265,22
OBV_MA10,0.5161210462124219,23
Daily_Return,0.5084469716337077,24
ATR_Ratio,0.45373845988698047,25
Daily_Range,0.38388013838080004,26
MACD_Signal,0.36127236363028586,27
Price_Change,0.30745976709119494,28
Returns,0.3073417325309897,29
Price_Change_1d,0.3048470889371249,30
High_200d,0.17071250479419667,31
High_50d,0.17071250479419667,32
VWAP,0.1102780985944132,33
Volume_Ratio,0.10659981378029135,34
ATR14,0.10258350146572956,35
Day_of_Week,0.09179917955401934,36
Month,0.09052182782151347,37
Volume,0.08066401372013017,38
Quarter,0.07917561053789493,39
Volume_Change,0.06792240467263441,40
BB_Upper,0.04709139553542426,41
BB_Middle,0.04611544886431293,42
MA20,0.04611544886431293,43
Low_50d,0.04118206017660408,44
MA50,0.03358576597093301,45
BB_Lower,0.025478408221408705,46
Volume_MA5,0.008671281240923858,47
BB_Width,0.002510303072124371,48
Low_200d,,49
