{"mse": 173.73646483451213, "rmse": 13.180912898373622, "mae": 12.973704511879626, "r2": -31.380903962749514, "mape": 6.138528963431151, "volatility": 2.3279725240960905, "relative_volatility": 0.01099189048623113, "risk_level": "Low Risk", "direction_accuracy": 50.0, "prediction_bias": 12.973704511879626, "max_drawdown": 13.76517904713444, "risk_adjusted_return": -0.8829839987993469, "confidence_interval": [10.44295031661399, 15.824609733629527]}