Feature,Correlation,Rank
Dist_to_High_50d,0.997220553382842,1
Low,0.9605538657247845,2
High,0.902405569353144,3
Close_MA20_Ratio,0.898243390674083,4
BB_Position,0.8624060344547678,5
Open,0.8511075729434341,6
OBV,0.8336783019208681,7
VWAP_Ratio,0.815069624847882,8
MACD_Histogram,0.7543509945604442,9
SlowK,0.7505776421793607,10
Momentum_10d,0.7319056225163046,11
Volume_MA5,0.7195055303444786,12
Momentum_5d,0.7184811315282983,13
MA5,0.6940515859571409,14
MFI,0.6939907350344652,15
MACD,0.692965561152842,16
ATR_Ratio,0.6725291342555775,17
SlowD,0.653950637968673,18
Trend_20d,0.6476694885683428,19
Close_MA5_Ratio,0.6451297187860885,20
RSI14,0.6127346005274613,21
Volume,0.6031686096557918,22
Low_50d,0.5483962497141359,23
Dist_to_Low_50d,0.5190056700621837,24
Daily_Range,0.50265441316052,25
BB_Width,0.49193088483117114,26
ATR14,0.48671559074466914,27
Volatility_20d,0.4639228304025179,28
BB_Upper,0.4372895195965748,29
BB_Lower,0.4305037318264623,30
MA50,0.3954029810768403,31
VWAP,0.3737910708498341,32
Price_Change_1d,0.3721900821554669,33
Returns,0.36794068514530964,34
Price_Change,0.3607909358180938,35
MA10,0.35949848068407836,36
BB_Middle,0.28362407643857956,37
MA20,0.28362407643857956,38
High_50d,0.2769546872267903,39
High_200d,0.2769546872267903,40
OBV_MA10,0.2545362694839404,41
MACD_Signal,0.24415104199776677,42
Volume_Change,0.171698048872168,43
Daily_Return,0.16628892689681726,44
Low_200d,0.1577499369475957,45
Volume_Ratio,0.14292168145606546,46
Quarter,0.10416893794512859,47
Day_of_Week,0.09946892319250554,48
Month,0.07336001287606977,49
