{"mse": 65.59439556285814, "rmse": 8.099036705859415, "mae": 6.7658352836183155, "r2": -2.1556110910986592, "mape": 5.528698734483809, "volatility": 4.451726460352612, "relative_volatility": 0.035486062003999654, "risk_level": "Medium-Low Risk", "direction_accuracy": 100.0, "prediction_bias": 6.7658352836183155, "max_drawdown": 21.929994391937786, "risk_adjusted_return": -1.3330229510952138, "confidence_interval": [1.3532418923150618, 11.664615639595286]}